{"cameraMode":{"drawMode":0,"name":"Shaded","section":"Shading Mode"},"sceneLighting":false,"audioPlay":false,"sceneViewState":{"showFog":true,"showMaterialUpdate":false,"showSkybox":false,"showFlares":true,"showImageEffects":true,"showParticleSystems":true},"in2DMode":false,"pivot":{"x":10.0,"y":10.199999809265137,"z":-21.350000381469728},"rotation":{"x":0.006363429594784975,"y":0.9928838014602661,"z":0.04726731404662132,"w":-0.11169294267892838},"size":13.404664039611817,"orthographic":false}