{"cameraMode":{"drawMode":0,"name":"Shaded","section":"Shading Mode"},"sceneLighting":true,"audioPlay":false,"sceneViewState":{"showFog":true,"showMaterialUpdate":false,"showSkybox":true,"showFlares":true,"showImageEffects":true,"showParticleSystems":true},"in2DMode":false,"pivot":{"x":-9.789948463439942,"y":-3.9452171325683595,"z":-14.166954040527344},"rotation":{"x":-0.0060837469063699249,"y":-0.9601895213127136,"z":0.28004738688468935,"w":-0.014932572841644287},"size":224.3495330810547,"orthographic":false}