{"cameraMode":{"drawMode":0,"name":"Shaded","section":"Shading Mode"},"sceneLighting":true,"audioPlay":false,"sceneViewState":{"showFog":true,"showMaterialUpdate":false,"showSkybox":true,"showFlares":true,"showImageEffects":true,"showParticleSystems":true},"in2DMode":false,"pivot":{"x":-4.127801895141602,"y":-19.49898910522461,"z":-27.227476119995118},"rotation":{"x":-0.02600286155939102,"y":0.9495466351509094,"z":-0.30055198073387148,"w":-0.0903196856379509},"size":60.59838104248047,"orthographic":false}