{"cameraMode":{"drawMode":0,"name":"Shaded","section":"Shading Mode"},"sceneLighting":false,"audioPlay":false,"sceneViewState":{"showFog":true,"showMaterialUpdate":false,"showSkybox":false,"showFlares":true,"showImageEffects":true,"showParticleSystems":true},"in2DMode":false,"pivot":{"x":9.965402603149414,"y":0.6054333448410034,"z":-0.9909889698028565},"rotation":{"x":-0.013622257858514786,"y":0.8143190741539002,"z":-0.018305573612451555,"w":-0.5803127884864807},"size":13.78973388671875,"orthographic":false}