{"cameraMode":{"drawMode":0,"name":"Shaded","section":"Shading Mode"},"sceneLighting":false,"audioPlay":false,"sceneViewState":{"showFog":true,"showMaterialUpdate":false,"showSkybox":false,"showFlares":true,"showImageEffects":true,"showParticleSystems":true},"in2DMode":false,"pivot":{"x":-2.130000114440918,"y":0.3700000047683716,"z":1.1200000047683716},"rotation":{"x":0.08605420589447022,"y":-0.7665039300918579,"z":0.10778707265853882,"w":0.62775057554245},"size":2.3566715717315676,"orthographic":false}